{
  "generated_by": "code/optimize_sampling_layout.py",
  "base_layout": {
    "n_theta": 9,
    "n_phi": 18,
    "sensor_count": 162,
    "radius_m": 13.0,
    "theta_min_deg": 6.0,
    "theta_max_deg": 86.0
  },
  "equivalent_source_unknowns": 180,
  "frequency_hz": 1200000000.0,
  "classification_frequencies_hz": [
    900000000.0,
    1050000000.0,
    1200000000.0,
    1350000000.0,
    1500000000.0
  ],
  "summary_rows": [
    {
      "candidate": "full_grid_162",
      "method": "full_grid",
      "sensor_count": 162,
      "note": "Reference 9 x 18 upper-hemisphere grid.",
      "frequency_hz": 1200000000.0,
      "min_angular_sep_deg": 2.080085919006687,
      "median_nn_angular_sep_deg": 9.999999999999975,
      "mean_theta_deg": 46.0,
      "theta_span_deg": 80.0,
      "measurement_channels": 324,
      "dictionary_unknowns": 180,
      "channel_unknown_ratio": 1.8,
      "effective_rank": 180,
      "rank_ratio": 1.0,
      "stable_condition": 9.961345593300058,
      "mutual_coherence": 0.31744796879661336,
      "nmse": 0.0003653828734139965,
      "correlation": 0.9992479524524791,
      "main_lobe_error_deg": 0.0,
      "peak_error_db": -0.021968334219047283,
      "classification_accuracy": 1.0
    },
    {
      "candidate": "geometric_farthest_120",
      "method": "geometric_farthest",
      "sensor_count": 120,
      "note": "Greedy farthest-point coverage on the 2pi hemisphere.",
      "frequency_hz": 1200000000.0,
      "min_angular_sep_deg": 9.999999999999902,
      "median_nn_angular_sep_deg": 9.999999999999975,
      "mean_theta_deg": 55.0,
      "theta_span_deg": 80.0,
      "measurement_channels": 240,
      "dictionary_unknowns": 180,
      "channel_unknown_ratio": 1.3333333333333333,
      "effective_rank": 180,
      "rank_ratio": 1.0,
      "stable_condition": 14.364157882909279,
      "mutual_coherence": 0.3739694300408656,
      "nmse": 0.0009294768057293288,
      "correlation": 0.9983593255774728,
      "main_lobe_error_deg": 0.0,
      "peak_error_db": 0.055348681468468525,
      "classification_accuracy": 1.0
    },
    {
      "candidate": "fibonacci_snap_120",
      "method": "fibonacci_snap",
      "sensor_count": 120,
      "note": "Low-discrepancy Fibonacci directions snapped to the CST grid.",
      "frequency_hz": 1200000000.0,
      "min_angular_sep_deg": 8.731425276161561,
      "median_nn_angular_sep_deg": 9.999999999999975,
      "mean_theta_deg": 56.083333333333336,
      "theta_span_deg": 80.0,
      "measurement_channels": 240,
      "dictionary_unknowns": 180,
      "channel_unknown_ratio": 1.3333333333333333,
      "effective_rank": 180,
      "rank_ratio": 1.0,
      "stable_condition": 14.998488459500857,
      "mutual_coherence": 0.3454896385849442,
      "nmse": 0.0009320241029299565,
      "correlation": 0.9978511245334709,
      "main_lobe_error_deg": 0.0,
      "peak_error_db": 0.0010808712659883429,
      "classification_accuracy": 1.0
    },
    {
      "candidate": "dictionary_weighted_120",
      "method": "dictionary_weighted",
      "sensor_count": 120,
      "note": "Coverage weighted by equivalent-source dictionary row energy.",
      "frequency_hz": 1200000000.0,
      "min_angular_sep_deg": 8.731425276161518,
      "median_nn_angular_sep_deg": 9.999999999999975,
      "mean_theta_deg": 48.5,
      "theta_span_deg": 80.0,
      "measurement_channels": 240,
      "dictionary_unknowns": 180,
      "channel_unknown_ratio": 1.3333333333333333,
      "effective_rank": 180,
      "rank_ratio": 1.0,
      "stable_condition": 14.44394193825887,
      "mutual_coherence": 0.3859866076591623,
      "nmse": 0.0011434976178850897,
      "correlation": 0.9977765836824484,
      "main_lobe_error_deg": 0.0,
      "peak_error_db": 0.0390580062208334,
      "classification_accuracy": 1.0
    },
    {
      "candidate": "task_driven_120",
      "method": "task_driven",
      "sensor_count": 120,
      "note": "Coverage weighted by class-template feature separation.",
      "frequency_hz": 1200000000.0,
      "min_angular_sep_deg": 9.999999999999902,
      "median_nn_angular_sep_deg": 9.999999999999975,
      "mean_theta_deg": 55.916666666666664,
      "theta_span_deg": 80.0,
      "measurement_channels": 240,
      "dictionary_unknowns": 180,
      "channel_unknown_ratio": 1.3333333333333333,
      "effective_rank": 180,
      "rank_ratio": 1.0,
      "stable_condition": 15.296043417181792,
      "mutual_coherence": 0.3309724571700349,
      "nmse": 0.0041175900366136105,
      "correlation": 0.9972175823425162,
      "main_lobe_error_deg": 0.0,
      "peak_error_db": 0.2690267092561554,
      "classification_accuracy": 1.0
    },
    {
      "candidate": "geometric_farthest_81",
      "method": "geometric_farthest",
      "sensor_count": 81,
      "note": "Greedy farthest-point coverage on the 2pi hemisphere.",
      "frequency_hz": 1200000000.0,
      "min_angular_sep_deg": 9.999999999999975,
      "median_nn_angular_sep_deg": 10.00000000000005,
      "mean_theta_deg": 52.04938271604938,
      "theta_span_deg": 80.0,
      "measurement_channels": 162,
      "dictionary_unknowns": 180,
      "channel_unknown_ratio": 0.9,
      "effective_rank": 162,
      "rank_ratio": 0.9,
      "stable_condition": 35.99282882568853,
      "mutual_coherence": 0.3906269727397504,
      "nmse": 0.10155054438861079,
      "correlation": 0.8519902806728159,
      "main_lobe_error_deg": 0.0,
      "peak_error_db": 0.6665357102762649,
      "classification_accuracy": 1.0
    },
    {
      "candidate": "fibonacci_snap_81",
      "method": "fibonacci_snap",
      "sensor_count": 81,
      "note": "Low-discrepancy Fibonacci directions snapped to the CST grid.",
      "frequency_hz": 1200000000.0,
      "min_angular_sep_deg": 8.731425276161518,
      "median_nn_angular_sep_deg": 9.999999999999975,
      "mean_theta_deg": 55.50617283950617,
      "theta_span_deg": 80.0,
      "measurement_channels": 162,
      "dictionary_unknowns": 180,
      "channel_unknown_ratio": 0.9,
      "effective_rank": 162,
      "rank_ratio": 0.9,
      "stable_condition": 38.74660343927396,
      "mutual_coherence": 0.437182038011732,
      "nmse": 0.10029172528229151,
      "correlation": 0.8362882474745722,
      "main_lobe_error_deg": 14.306462096057336,
      "peak_error_db": 0.7005696037737007,
      "classification_accuracy": 1.0
    },
    {
      "candidate": "dictionary_weighted_81",
      "method": "dictionary_weighted",
      "sensor_count": 81,
      "note": "Coverage weighted by equivalent-source dictionary row energy.",
      "frequency_hz": 1200000000.0,
      "min_angular_sep_deg": 9.999999999999902,
      "median_nn_angular_sep_deg": 10.000000000000012,
      "mean_theta_deg": 48.098765432098766,
      "theta_span_deg": 80.0,
      "measurement_channels": 162,
      "dictionary_unknowns": 180,
      "channel_unknown_ratio": 0.9,
      "effective_rank": 162,
      "rank_ratio": 0.9,
      "stable_condition": 32.91405158887996,
      "mutual_coherence": 0.36968287933441046,
      "nmse": 0.0712954492763992,
      "correlation": 0.9149725111635356,
      "main_lobe_error_deg": 0.0,
      "peak_error_db": 0.7270075645467117,
      "classification_accuracy": 1.0
    },
    {
      "candidate": "task_driven_81",
      "method": "task_driven",
      "sensor_count": 81,
      "note": "Coverage weighted by class-template feature separation.",
      "frequency_hz": 1200000000.0,
      "min_angular_sep_deg": 9.99999999999994,
      "median_nn_angular_sep_deg": 10.00000000000005,
      "mean_theta_deg": 53.160493827160494,
      "theta_span_deg": 80.0,
      "measurement_channels": 162,
      "dictionary_unknowns": 180,
      "channel_unknown_ratio": 0.9,
      "effective_rank": 162,
      "rank_ratio": 0.9,
      "stable_condition": 35.568372417322784,
      "mutual_coherence": 0.3716263804510998,
      "nmse": 0.11094411883811213,
      "correlation": 0.8510826840669827,
      "main_lobe_error_deg": 0.0,