{
  "generated_at": "2026-06-05T03:40:56+00:00",
  "generated_by": "code/run_cst_meshsafe_huygens_extrapolation.py",
  "local_nearfield": "data\\sampling_layouts\\cst_meshsafe_huygens_source_family_reduced_layout_x\\layouts\\field_weighted_48_local_efield.csv",
  "local_hfield": "data\\sampling_layouts\\cst_meshsafe_huygens_source_family_reduced_layout_x\\layouts\\field_weighted_48_local_hfield.csv",
  "hfield_load_status": "loaded",
  "hfield_load_error": "",
  "hfield_available": true,
  "farfield": "data\\cst_exports\\level1_meshsafe_huygens_source_family\\L1_short_dipole_x_1p2G_farfield.csv",
  "out_dir": "data\\sampling_layouts\\cst_meshsafe_huygens_source_family_reduced_layout_x\\layouts\\field_weighted_48",
  "sample_id": "L1_short_dipole_x_1p2G",
  "frequency_hz": 1200000000.0,
  "quality": {
    "sensor_count": 48,
    "component_rows_expected": 144,
    "prior_id": "level1_local_sphere_r0p35",
    "center_x_m": -0.01344877811616417,
    "center_y_m": -0.011028810442422913,
    "center_z_m": 3.9930121527777085,
    "mean_local_radius_m": 0.3493462829339604,
    "min_local_radius_m": 0.33137161581847435,
    "max_local_radius_m": 0.3677594384004554,
    "total_field_l2": 0.044682485435021936,
    "tangential_field_l2": 0.04432438238045704,
    "normal_field_l2": 0.00564567367476898,
    "normal_to_total_l2_ratio": 0.12635093190997665,
    "tangential_to_total_l2_ratio": 0.9919856057451045,
    "min_sensor_field_abs": 0.0027194231771009974,
    "max_sensor_field_abs": 0.007477333030389905,
    "median_sensor_field_abs": 0.0068307884027975965,
    "dynamic_range_db": 8.785398586749158,
    "hfield_available": true,
    "h_component_rows_expected": 144,
    "h_total_field_l2": 0.00012003886481482696,
    "h_tangential_field_l2": 0.00011993628272069471,
    "h_normal_field_l2": 4.961567612548329e-06,
    "h_normal_to_total_l2_ratio": 0.0413330101063692,
    "h_tangential_to_total_l2_ratio": 0.9991454259894036,
    "h_min_sensor_field_abs": 5.9739112353326145e-06,
    "h_max_sensor_field_abs": 2.0595043858037202e-05,
    "h_median_sensor_field_abs": 1.8593822692411397e-05,
    "h_dynamic_range_db": 10.750079117717243,
    "tangential_e_to_h_impedance_ohm": 369.5660843823116,
    "tangential_e_to_h_eta0_ratio": 0.9809831356124902
  },
  "best_setting": {
    "sample_id": "L1_short_dipole_x_1p2G",
    "frequency_hz": 1200000000.0,
    "variant": "eh_love_equivalence_plus_j96",
    "variant_family": "eh_love_equivalence_plus",
    "impedance_ohm": 376.730313668,
    "impedance_factor_to_eta0": 1.0,
    "calibration_mode": "real_eh_j_scale_scan",
    "hfield_j_scale": 96.0,
    "uses_real_hfield": true,
    "model_note": "J=96*(n_cross_H_t) from real CST H-field, M=-n_cross_E_t from real CST E-field",
    "sensor_count": 48,
    "farfield_points": 2664,
    "farfield_shape": "37x72",
    "electric_current_l2": 0.011513883141187254,
    "magnetic_current_l2": 0.04432438238045928,
    "predicted_peak_power": 6.825069259345985e-06,
    "reference_peak_power": 3.9429401543613114e-08,
    "best_power_scale": 0.01383494309884526,
    "scaled_power_nmse": 0.22463589732298142,
    "nmse": 0.4876529500200719,
    "correlation": 0.5053262266722766,
    "main_lobe_error_deg": 102.82487226336396,
    "peak_error_db": 22.38286877427442,
    "main_lobe_region_threshold": 0.75,
    "reference_lobe_region_points": 1678,
    "predicted_lobe_region_points": 51,
    "main_lobe_region_jaccard": 0.030393325387365912,
    "reference_lobe_region_capture": 0.03056425270732029,
    "predicted_lobe_region_precision": 1.0,
    "main_lobe_region_min_capture": 0.03056425270732029,
    "true_peak_to_pred_region_error_deg": 96.86715886062042,
    "pred_peak_to_true_region_error_deg": 0.0,
    "main_lobe_region_error_deg": 96.86715886062042,
    "status": "diagnostic_only"
  },
  "vector_gate": {
    "accepted_statuses": [
      "physics_proxy_pass",
      "region_shape_pass",
      "strict_pass"
    ],
    "real_hfield_candidate_count": 5,
    "real_hfield_accepted_count": 0,
    "real_eh_candidate_count": 4,
    "real_eh_accepted_count": 0,
    "best_real_hfield": {
      "sample_id": "L1_short_dipole_x_1p2G",
      "frequency_hz": 1200000000.0,
      "variant": "eh_love_equivalence_plus_j96",
      "variant_family": "eh_love_equivalence_plus",
      "impedance_ohm": 376.730313668,
      "impedance_factor_to_eta0": 1.0,
      "calibration_mode": "real_eh_j_scale_scan",
      "hfield_j_scale": 96.0,
      "uses_real_hfield": true,
      "model_note": "J=96*(n_cross_H_t) from real CST H-field, M=-n_cross_E_t from real CST E-field",
      "sensor_count": 48,
      "farfield_points": 2664,
      "farfield_shape": "37x72",
      "electric_current_l2": 0.011513883141187254,
      "magnetic_current_l2": 0.04432438238045928,
      "predicted_peak_power": 6.825069259345985e-06,
      "reference_peak_power": 3.9429401543613114e-08,
      "best_power_scale": 0.01383494309884526,
      "scaled_power_nmse": 0.22463589732298142,
      "nmse": 0.4876529500200719,
      "correlation": 0.5053262266722766,
      "main_lobe_error_deg": 102.82487226336396,
      "peak_error_db": 22.38286877427442,
      "main_lobe_region_threshold": 0.75,
      "reference_lobe_region_points": 1678,
      "predicted_lobe_region_points": 51,
      "main_lobe_region_jaccard": 0.030393325387365912,
      "reference_lobe_region_capture": 0.03056425270732029,
      "predicted_lobe_region_precision": 1.0,
      "main_lobe_region_min_capture": 0.03056425270732029,
      "true_peak_to_pred_region_error_deg": 96.86715886062042,
      "pred_peak_to_true_region_error_deg": 0.0,
      "main_lobe_region_error_deg": 96.86715886062042,
      "status": "diagnostic_only"
    },
    "best_real_eh": {
      "sample_id": "L1_short_dipole_x_1p2G",
      "frequency_hz": 1200000000.0,
      "variant": "eh_love_equivalence_plus_j96",
      "variant_family": "eh_love_equivalence_plus",
      "impedance_ohm": 376.730313668,
      "impedance_factor_to_eta0": 1.0,
      "calibration_mode": "real_eh_j_scale_scan",
      "hfield_j_scale": 96.0,
      "uses_real_hfield": true,
      "model_note": "J=96*(n_cross_H_t) from real CST H-field, M=-n_cross_E_t from real CST E-field",
      "sensor_count": 48,
      "farfield_points": 2664,
      "farfield_shape": "37x72",
      "electric_current_l2": 0.011513883141187254,
      "magnetic_current_l2": 0.04432438238045928,
      "predicted_peak_power": 6.825069259345985e-06,
      "reference_peak_power": 3.9429401543613114e-08,
      "best_power_scale": 0.01383494309884526,
      "scaled_power_nmse": 0.22463589732298142,
      "nmse": 0.4876529500200719,
      "correlation": 0.5053262266722766,
      "main_lobe_error_deg": 102.82487226336396,
      "peak_error_db": 22.38286877427442,
      "main_lobe_region_threshold": 0.75,
      "reference_lobe_region_points": 1678,
      "predicted_lobe_region_points": 51,
      "main_lobe_region_jaccard": 0.030393325387365912,
      "reference_lobe_region_capture": 0.03056425270732029,
      "predicted_lobe_region_precision": 1.0,
      "main_lobe_region_min_capture": 0.03056425270732029,
      "true_peak_to_pred_region_error_deg": 96.86715886062042,
      "pred_peak_to_true_region_error_deg": 0.0,
      "main_lobe_region_error_deg": 96.86715886062042,
      "status": "diagnostic_only"
    }
  },
  "variant_count": 10,
  "impedance_scan": {
    "enabled": false,
    "eta0_ohm": 376.730313668,
    "factors": [
      1.0
    ],
    "ohms": [
      376.730313668
    ],
    "candidate_count": 10
  },
  "eh_j_scale_scan": {
    "enabled": true,
    "factors": [
      1.0,
      96.0
    ]
  },
  "interpretation": "real E/H CST local probe export is used for Love-equivalence current diagnostics when H-field rows are available; E-only impedance proxy variants are retained as calibration baselines until a stricter vector surface-integral operator is implemented"
}