{
  "generated_at": "2026-06-05T03:40:55+00:00",
  "generated_by": "code/run_cst_meshsafe_huygens_extrapolation.py",
  "local_nearfield": "data\\sampling_layouts\\cst_meshsafe_huygens_source_family_reduced_layout_x\\layouts\\geometric_farthest_48_local_efield.csv",
  "local_hfield": "data\\sampling_layouts\\cst_meshsafe_huygens_source_family_reduced_layout_x\\layouts\\geometric_farthest_48_local_hfield.csv",
  "hfield_load_status": "loaded",
  "hfield_load_error": "",
  "hfield_available": true,
  "farfield": "data\\cst_exports\\level1_meshsafe_huygens_source_family\\L1_short_dipole_x_1p2G_farfield.csv",
  "out_dir": "data\\sampling_layouts\\cst_meshsafe_huygens_source_family_reduced_layout_x\\layouts\\geometric_farthest_48",
  "sample_id": "L1_short_dipole_x_1p2G",
  "frequency_hz": 1200000000.0,
  "quality": {
    "sensor_count": 48,
    "component_rows_expected": 144,
    "prior_id": "level1_local_sphere_r0p35",
    "center_x_m": -0.00635894829024333,
    "center_y_m": 0.008037588520133964,
    "center_z_m": 4.014127604166458,
    "mean_local_radius_m": 0.3494306760866929,
    "min_local_radius_m": 0.3333665639736651,
    "max_local_radius_m": 0.366397104454353,
    "total_field_l2": 0.04081231417694517,
    "tangential_field_l2": 0.04020882260214987,
    "normal_field_l2": 0.0069925369807045425,
    "normal_to_total_l2_ratio": 0.1713339986159035,
    "tangential_to_total_l2_ratio": 0.985213002816287,
    "min_sensor_field_abs": 0.0021885890946573157,
    "max_sensor_field_abs": 0.00745134376303489,
    "median_sensor_field_abs": 0.006112168852725078,
    "dynamic_range_db": 10.641407377607997,
    "hfield_available": true,
    "h_component_rows_expected": 144,
    "h_total_field_l2": 0.00010879189206113043,
    "h_tangential_field_l2": 0.00010873439067410802,
    "h_normal_field_l2": 3.536673998421341e-06,
    "h_normal_to_total_l2_ratio": 0.032508617429266466,
    "h_tangential_to_total_l2_ratio": 0.999471455216625,
    "h_min_sensor_field_abs": 3.432418541221134e-06,
    "h_max_sensor_field_abs": 2.0449244855683398e-05,
    "h_median_sensor_field_abs": 1.6125590097450456e-05,
    "h_dynamic_range_db": 15.501540717034551,
    "tangential_e_to_h_impedance_ohm": 369.7893771498777,
    "tangential_e_to_h_eta0_ratio": 0.9815758481165412
  },
  "best_setting": {
    "sample_id": "L1_short_dipole_x_1p2G",
    "frequency_hz": 1200000000.0,
    "variant": "hfield_electric_only",
    "variant_family": "hfield_electric_only",
    "impedance_ohm": 376.730313668,
    "impedance_factor_to_eta0": 1.0,
    "calibration_mode": "real_hfield_only",
    "hfield_j_scale": 1.0,
    "uses_real_hfield": true,
    "model_note": "J=n_cross_H_t from real CST H-field, M=0",
    "sensor_count": 48,
    "farfield_points": 2664,
    "farfield_shape": "37x72",
    "electric_current_l2": 0.00010873439067411115,
    "magnetic_current_l2": 0.0,
    "predicted_peak_power": 2.7139033907003022e-11,
    "reference_peak_power": 3.9429401543613114e-08,
    "best_power_scale": 3482.4178878202356,
    "scaled_power_nmse": 0.43280129679496426,
    "nmse": 0.6254532568540696,
    "correlation": 0.21948866509625675,
    "main_lobe_error_deg": 48.53186752960544,
    "peak_error_db": -31.62225801814177,
    "main_lobe_region_threshold": 0.75,
    "reference_lobe_region_points": 1678,
    "predicted_lobe_region_points": 38,
    "main_lobe_region_jaccard": 0.0196078431372549,
    "reference_lobe_region_capture": 0.020285778529325563,
    "predicted_lobe_region_precision": 0.8775184763588388,
    "main_lobe_region_min_capture": 0.020285778529325563,
    "true_peak_to_pred_region_error_deg": 35.535275302172,
    "pred_peak_to_true_region_error_deg": 1.2074182697257333e-06,
    "main_lobe_region_error_deg": 35.535275302172,
    "status": "diagnostic_only"
  },
  "vector_gate": {
    "accepted_statuses": [
      "physics_proxy_pass",
      "region_shape_pass",
      "strict_pass"
    ],
    "real_hfield_candidate_count": 5,
    "real_hfield_accepted_count": 0,
    "real_eh_candidate_count": 4,
    "real_eh_accepted_count": 0,
    "best_real_hfield": {
      "sample_id": "L1_short_dipole_x_1p2G",
      "frequency_hz": 1200000000.0,
      "variant": "hfield_electric_only",
      "variant_family": "hfield_electric_only",
      "impedance_ohm": 376.730313668,
      "impedance_factor_to_eta0": 1.0,
      "calibration_mode": "real_hfield_only",
      "hfield_j_scale": 1.0,
      "uses_real_hfield": true,
      "model_note": "J=n_cross_H_t from real CST H-field, M=0",
      "sensor_count": 48,
      "farfield_points": 2664,
      "farfield_shape": "37x72",
      "electric_current_l2": 0.00010873439067411115,
      "magnetic_current_l2": 0.0,
      "predicted_peak_power": 2.7139033907003022e-11,
      "reference_peak_power": 3.9429401543613114e-08,
      "best_power_scale": 3482.4178878202356,
      "scaled_power_nmse": 0.43280129679496426,
      "nmse": 0.6254532568540696,
      "correlation": 0.21948866509625675,
      "main_lobe_error_deg": 48.53186752960544,
      "peak_error_db": -31.62225801814177,
      "main_lobe_region_threshold": 0.75,
      "reference_lobe_region_points": 1678,
      "predicted_lobe_region_points": 38,
      "main_lobe_region_jaccard": 0.0196078431372549,
      "reference_lobe_region_capture": 0.020285778529325563,
      "predicted_lobe_region_precision": 0.8775184763588388,
      "main_lobe_region_min_capture": 0.020285778529325563,
      "true_peak_to_pred_region_error_deg": 35.535275302172,
      "pred_peak_to_true_region_error_deg": 1.2074182697257333e-06,
      "main_lobe_region_error_deg": 35.535275302172,
      "status": "diagnostic_only"
    },
    "best_real_eh": {
      "sample_id": "L1_short_dipole_x_1p2G",
      "frequency_hz": 1200000000.0,
      "variant": "eh_love_equivalence_minus_j96",
      "variant_family": "eh_love_equivalence_minus",
      "impedance_ohm": 376.730313668,
      "impedance_factor_to_eta0": 1.0,
      "calibration_mode": "real_eh_j_scale_scan",
      "hfield_j_scale": 96.0,
      "uses_real_hfield": true,
      "model_note": "J=96*(n_cross_H_t) from real CST H-field, M contribution sign flipped for convention check",
      "sensor_count": 48,
      "farfield_points": 2664,
      "farfield_shape": "37x72",
      "electric_current_l2": 0.010438501504714669,
      "magnetic_current_l2": 0.040208822602151036,
      "predicted_peak_power": 5.366649363498425e-06,
      "reference_peak_power": 3.9429401543613114e-08,
      "best_power_scale": 0.01436587314421465,
      "scaled_power_nmse": 0.3224934962199588,
      "nmse": 0.48421571984615724,
      "correlation": 0.058417930175407806,
      "main_lobe_error_deg": 142.66174552340433,
      "peak_error_db": 21.33883035625359,
      "main_lobe_region_threshold": 0.75,
      "reference_lobe_region_points": 1678,
      "predicted_lobe_region_points": 42,
      "main_lobe_region_jaccard": 0.015348288075560802,
      "reference_lobe_region_capture": 0.01480502586151354,
      "predicted_lobe_region_precision": 0.5948162286309586,
      "main_lobe_region_min_capture": 0.01480502586151354,
      "true_peak_to_pred_region_error_deg": 56.37935605537122,
      "pred_peak_to_true_region_error_deg": 4.898592230289289,
      "main_lobe_region_error_deg": 56.37935605537122,
      "status": "diagnostic_only"
    }
  },
  "variant_count": 10,
  "impedance_scan": {
    "enabled": false,
    "eta0_ohm": 376.730313668,
    "factors": [
      1.0
    ],
    "ohms": [
      376.730313668
    ],
    "candidate_count": 10
  },
  "eh_j_scale_scan": {
    "enabled": true,
    "factors": [
      1.0,
      96.0
    ]
  },
  "interpretation": "real E/H CST local probe export is used for Love-equivalence current diagnostics when H-field rows are available; E-only impedance proxy variants are retained as calibration baselines until a stricter vector surface-integral operator is implemented"
}