{
  "generated_at": "2026-06-05T03:40:55+00:00",
  "generated_by": "code/run_cst_meshsafe_huygens_extrapolation.py",
  "local_nearfield": "data\\sampling_layouts\\cst_meshsafe_huygens_source_family_reduced_layout_x\\layouts\\fibonacci_snap_72_local_efield.csv",
  "local_hfield": "data\\sampling_layouts\\cst_meshsafe_huygens_source_family_reduced_layout_x\\layouts\\fibonacci_snap_72_local_hfield.csv",
  "hfield_load_status": "loaded",
  "hfield_load_error": "",
  "hfield_available": true,
  "farfield": "data\\cst_exports\\level1_meshsafe_huygens_source_family\\L1_short_dipole_x_1p2G_farfield.csv",
  "out_dir": "data\\sampling_layouts\\cst_meshsafe_huygens_source_family_reduced_layout_x\\layouts\\fibonacci_snap_72",
  "sample_id": "L1_short_dipole_x_1p2G",
  "frequency_hz": 1200000000.0,
  "quality": {
    "sensor_count": 72,
    "component_rows_expected": 216,
    "prior_id": "level1_local_sphere_r0p35",
    "center_x_m": -0.0003703682605616623,
    "center_y_m": 0.00020589843856291812,
    "center_z_m": 4.0064814814815275,
    "mean_local_radius_m": 0.34991598407161917,
    "min_local_radius_m": 0.34362096663538755,
    "max_local_radius_m": 0.3563751130074362,
    "total_field_l2": 0.05231898925559614,
    "tangential_field_l2": 0.05172209954391947,
    "normal_field_l2": 0.007880422291735249,
    "normal_to_total_l2_ratio": 0.1506226019244503,
    "tangential_to_total_l2_ratio": 0.988591337100175,
    "min_sensor_field_abs": 0.0021333278101660874,
    "max_sensor_field_abs": 0.007477333030389905,
    "median_sensor_field_abs": 0.006481730841293878,
    "dynamic_range_db": 10.893782581809596,
    "hfield_available": true,
    "h_component_rows_expected": 216,
    "h_total_field_l2": 0.00013967437541822112,
    "h_tangential_field_l2": 0.0001396072949571899,
    "h_normal_field_l2": 4.328318750548914e-06,
    "h_normal_to_total_l2_ratio": 0.03098863866467139,
    "h_tangential_to_total_l2_ratio": 0.9995197368104896,
    "h_min_sensor_field_abs": 3.0335747017155316e-06,
    "h_max_sensor_field_abs": 2.0595043858037202e-05,
    "h_median_sensor_field_abs": 1.7452946285275167e-05,
    "h_dynamic_range_db": 16.636160544755157,
    "tangential_e_to_h_impedance_ohm": 370.4827857296417,
    "tangential_e_to_h_eta0_ratio": 0.9834164448368122
  },
  "best_setting": {
    "sample_id": "L1_short_dipole_x_1p2G",
    "frequency_hz": 1200000000.0,
    "variant": "electric_only_outgoing",
    "variant_family": "electric_only_outgoing",
    "impedance_ohm": 376.730313668,
    "impedance_factor_to_eta0": 1.0,
    "calibration_mode": "fixed_eta0",
    "hfield_j_scale": "",
    "uses_real_hfield": false,
    "model_note": "J=-E_t/eta_eff, eta_eff=376.73 ohm, M=0",
    "sensor_count": 72,
    "farfield_points": 2664,
    "farfield_shape": "37x72",
    "electric_current_l2": 0.0001372921096800839,
    "magnetic_current_l2": 0.0,
    "predicted_peak_power": 1.7922461420962518e-11,
    "reference_peak_power": 3.9429401543613114e-08,
    "best_power_scale": 6116.585391838984,
    "scaled_power_nmse": 0.2927363676898716,
    "nmse": 0.5827234205996061,
    "correlation": 0.40390292085116825,
    "main_lobe_error_deg": 159.84765926934116,
    "peak_error_db": -33.424225312179644,
    "main_lobe_region_threshold": 0.75,
    "reference_lobe_region_points": 1678,
    "predicted_lobe_region_points": 16,
    "main_lobe_region_jaccard": 0.009535160905840286,
    "reference_lobe_region_capture": 0.009444418508808377,
    "predicted_lobe_region_precision": 1.0,
    "main_lobe_region_min_capture": 0.009444418508808377,
    "true_peak_to_pred_region_error_deg": 153.05025908114436,
    "pred_peak_to_true_region_error_deg": 0.0,
    "main_lobe_region_error_deg": 153.05025908114436,
    "status": "diagnostic_only"
  },
  "vector_gate": {
    "accepted_statuses": [
      "physics_proxy_pass",
      "region_shape_pass",
      "strict_pass"
    ],
    "real_hfield_candidate_count": 5,
    "real_hfield_accepted_count": 0,
    "real_eh_candidate_count": 4,
    "real_eh_accepted_count": 0,
    "best_real_hfield": {
      "sample_id": "L1_short_dipole_x_1p2G",
      "frequency_hz": 1200000000.0,
      "variant": "hfield_electric_only",
      "variant_family": "hfield_electric_only",
      "impedance_ohm": 376.730313668,
      "impedance_factor_to_eta0": 1.0,
      "calibration_mode": "real_hfield_only",
      "hfield_j_scale": 1.0,
      "uses_real_hfield": true,
      "model_note": "J=n_cross_H_t from real CST H-field, M=0",
      "sensor_count": 72,
      "farfield_points": 2664,
      "farfield_shape": "37x72",
      "electric_current_l2": 0.00013960729495719092,
      "magnetic_current_l2": 0.0,
      "predicted_peak_power": 1.9473736359945698e-11,
      "reference_peak_power": 3.9429401543613114e-08,
      "best_power_scale": 6127.523467700891,
      "scaled_power_nmse": 0.2893699550321782,
      "nmse": 0.607957781592388,
      "correlation": 0.38770512605859353,
      "main_lobe_error_deg": 159.84765926934116,
      "peak_error_db": -33.06370899306867,
      "main_lobe_region_threshold": 0.75,
      "reference_lobe_region_points": 1678,
      "predicted_lobe_region_points": 14,
      "main_lobe_region_jaccard": 0.00834326579261025,
      "reference_lobe_region_capture": 0.008284296193707723,
      "predicted_lobe_region_precision": 1.0,
      "main_lobe_region_min_capture": 0.008284296193707723,
      "true_peak_to_pred_region_error_deg": 153.05025908114436,
      "pred_peak_to_true_region_error_deg": 0.0,
      "main_lobe_region_error_deg": 153.05025908114436,
      "status": "diagnostic_only"
    },
    "best_real_eh": {
      "sample_id": "L1_short_dipole_x_1p2G",
      "frequency_hz": 1200000000.0,
      "variant": "eh_love_equivalence_minus_j96",
      "variant_family": "eh_love_equivalence_minus",
      "impedance_ohm": 376.730313668,
      "impedance_factor_to_eta0": 1.0,
      "calibration_mode": "real_eh_j_scale_scan",
      "hfield_j_scale": 96.0,
      "uses_real_hfield": true,
      "model_note": "J=96*(n_cross_H_t) from real CST H-field, M contribution sign flipped for convention check",
      "sensor_count": 72,
      "farfield_points": 2664,
      "farfield_shape": "37x72",
      "electric_current_l2": 0.01340230031589033,
      "magnetic_current_l2": 0.05172209954391996,
      "predicted_peak_power": 3.73098117949819e-06,
      "reference_peak_power": 3.9429401543613114e-08,
      "best_power_scale": 0.020549607369494058,
      "scaled_power_nmse": 0.29868131030132106,
      "nmse": 0.46414403369822543,
      "correlation": 0.09613890871250105,
      "main_lobe_error_deg": 119.87920257674472,
      "peak_error_db": 19.760028728628015,
      "main_lobe_region_threshold": 0.75,
      "reference_lobe_region_points": 1678,
      "predicted_lobe_region_points": 26,
      "main_lobe_region_jaccard": 0.0,
      "reference_lobe_region_capture": 0.0,
      "predicted_lobe_region_precision": 0.0,
      "main_lobe_region_min_capture": 0.0,
      "true_peak_to_pred_region_error_deg": 49.967451044706586,
      "pred_peak_to_true_region_error_deg": 30.04521306395533,
      "main_lobe_region_error_deg": 49.967451044706586,
      "status": "diagnostic_only"
    }
  },
  "variant_count": 10,
  "impedance_scan": {
    "enabled": false,
    "eta0_ohm": 376.730313668,
    "factors": [
      1.0
    ],
    "ohms": [
      376.730313668
    ],
    "candidate_count": 10
  },
  "eh_j_scale_scan": {
    "enabled": true,
    "factors": [
      1.0,
      96.0
    ]
  },
  "interpretation": "real E/H CST local probe export is used for Love-equivalence current diagnostics when H-field rows are available; E-only impedance proxy variants are retained as calibration baselines until a stricter vector surface-integral operator is implemented"
}