{
  "generated_at": "2026-06-04T04:07:59+00:00",
  "generated_by": "code/run_cst_meshsafe_huygens_extrapolation.py",
  "local_nearfield": "data\\cst_exports\\level1_meshsafe_huygens\\L1_short_dipole_z_1p2G_level1_local_sphere_r0p35_local_efield.csv",
  "farfield": "data\\cst_exports\\level1\\all_farfield.csv",
  "out_dir": "data\\sampling_layouts\\cst_meshsafe_huygens_extrapolation_batch\\L1_short_dipole_z_1p2G",
  "sample_id": "L1_short_dipole_z_1p2G",
  "frequency_hz": 1200000000.0,
  "quality": {
    "sensor_count": 96,
    "component_rows_expected": 288,
    "prior_id": "level1_local_sphere_r0p35",
    "center_x_m": 0.0002139373624773002,
    "center_y_m": 0.00027010371789093257,
    "center_z_m": 4.0,
    "mean_local_radius_m": 0.34999977386881903,
    "min_local_radius_m": 0.34966454014096365,
    "max_local_radius_m": 0.35033939990871715,
    "total_field_l2": 0.012228594048130544,
    "tangential_field_l2": 0.012122800266550332,
    "normal_field_l2": 0.0016050626440425777,
    "normal_to_total_l2_ratio": 0.13125487997436247,
    "tangential_to_total_l2_ratio": 0.9913486553594127,
    "min_sensor_field_abs": 0.0003616862479593714,
    "max_sensor_field_abs": 0.0015318202237077719,
    "median_sensor_field_abs": 0.001318302479505103,
    "dynamic_range_db": 12.537516052661271
  },
  "best_setting": {
    "sample_id": "L1_short_dipole_z_1p2G",
    "frequency_hz": 1200000000.0,
    "variant": "outgoing_equivalence_minus",
    "model_note": "J=-E_t/eta0, M sign flipped",
    "sensor_count": 96,
    "farfield_points": 2664,
    "farfield_shape": "37x72",
    "electric_current_l2": 3.2178988063152654e-05,
    "magnetic_current_l2": 0.012122800266550991,
    "predicted_peak_power": 5.746969129683429e-08,
    "reference_peak_power": 3.914311124569356e-08,
    "best_power_scale": 0.7210527748450808,
    "scaled_power_nmse": 0.0006964637367260091,
    "nmse": 0.0037631287870546343,
    "correlation": 0.9989445663610194,
    "main_lobe_error_deg": 139.52260287822136,
    "peak_error_db": 1.6678352219444776,
    "status": "shape_pass_lobe_ambiguous"
  },
  "variant_count": 5,
  "interpretation": "diagnostic Huygens/Kirchhoff proxy; use to verify the real CST local probe export and directionality, then replace with a stricter vector surface-integral operator before final report claims"
}