{
  "generated_at": "2026-06-04T10:36:00+00:00",
  "generated_by": "code/run_cst_meshsafe_huygens_extrapolation.py",
  "local_nearfield": "data\\cst_exports\\level1_meshsafe_huygens\\L1_short_dipole_z_1p2G_level1_local_sphere_r0p35_local_efield.csv",
  "local_hfield": "data\\cst_exports\\level1_meshsafe_huygens\\L1_short_dipole_z_1p2G_level1_local_sphere_r0p35_local_hfield.csv",
  "hfield_load_status": "loaded",
  "hfield_load_error": "",
  "hfield_available": true,
  "farfield": "data\\cst_exports\\level1\\all_farfield.csv",
  "out_dir": "data\\sampling_layouts\\cst_meshsafe_huygens_extrapolation_batch\\L1_short_dipole_z_1p2G",
  "sample_id": "L1_short_dipole_z_1p2G",
  "frequency_hz": 1200000000.0,
  "quality": {
    "sensor_count": 96,
    "component_rows_expected": 288,
    "prior_id": "level1_local_sphere_r0p35",
    "center_x_m": 0.0002139373624773002,
    "center_y_m": 0.00027010371789093257,
    "center_z_m": 4.0,
    "mean_local_radius_m": 0.34999977386881903,
    "min_local_radius_m": 0.34966454014096365,
    "max_local_radius_m": 0.35033939990871715,
    "total_field_l2": 0.012228594048130544,
    "tangential_field_l2": 0.012122800266550332,
    "normal_field_l2": 0.0016050626440425777,
    "normal_to_total_l2_ratio": 0.13125487997436247,
    "tangential_to_total_l2_ratio": 0.9913486553594127,
    "min_sensor_field_abs": 0.0003616862479593714,
    "max_sensor_field_abs": 0.0015318202237077719,
    "median_sensor_field_abs": 0.001318302479505103,
    "dynamic_range_db": 12.537516052661271,
    "hfield_available": true,
    "h_component_rows_expected": 288,
    "h_total_field_l2": 2.8515067481580467e-05,
    "h_tangential_field_l2": 2.8500295519616924e-05,
    "h_normal_field_l2": 9.177302292023481e-07,
    "h_normal_to_total_l2_ratio": 0.032184045497881536,
    "h_tangential_to_total_l2_ratio": 0.9994819594246765,
    "h_min_sensor_field_abs": 5.385597339437537e-07,
    "h_max_sensor_field_abs": 3.794430193653887e-06,
    "h_median_sensor_field_abs": 3.0825264626432345e-06,
    "h_dynamic_range_db": 16.958253754956345,
    "tangential_e_to_h_impedance_ohm": 425.3570022881389,
    "tangential_e_to_h_eta0_ratio": 1.1290755929531915
  },
  "best_setting": {
    "sample_id": "L1_short_dipole_z_1p2G",
    "frequency_hz": 1200000000.0,
    "variant": "eh_love_equivalence_plus_j256",
    "variant_family": "eh_love_equivalence_plus",
    "impedance_ohm": 376.730313668,
    "impedance_factor_to_eta0": 1.0,
    "calibration_mode": "real_eh_j_scale_scan",
    "hfield_j_scale": 256.0,
    "uses_real_hfield": true,
    "model_note": "J=256*(n_cross_H_t) from real CST H-field, M=-n_cross_E_t from real CST E-field",
    "sensor_count": 96,
    "farfield_points": 2664,
    "farfield_shape": "37x72",
    "electric_current_l2": 0.007296075653022339,
    "magnetic_current_l2": 0.012122800266550991,
    "predicted_peak_power": 6.344904171054406e-08,
    "reference_peak_power": 3.914311124569356e-08,
    "best_power_scale": 0.6561620737284933,
    "scaled_power_nmse": 0.0009953151929470087,
    "nmse": 0.004568079521119693,
    "correlation": 0.9984897991651249,
    "main_lobe_error_deg": 0.0,
    "peak_error_db": 2.0976972510648193,
    "main_lobe_region_threshold": 0.75,
    "reference_lobe_region_points": 864,
    "predicted_lobe_region_points": 779,
    "main_lobe_region_jaccard": 0.9016203703703703,
    "reference_lobe_region_capture": 0.914977811530881,
    "predicted_lobe_region_precision": 1.0,
    "main_lobe_region_min_capture": 0.914977811530881,
    "true_peak_to_pred_region_error_deg": 0.0,
    "pred_peak_to_true_region_error_deg": 0.0,
    "main_lobe_region_error_deg": 0.0,
    "status": "strict_pass"
  },
  "vector_gate": {
    "accepted_statuses": [
      "physics_proxy_pass",
      "region_shape_pass",
      "strict_pass"
    ],
    "real_hfield_candidate_count": 37,
    "real_hfield_accepted_count": 37,
    "real_eh_candidate_count": 36,
    "real_eh_accepted_count": 36,
    "best_real_hfield": {
      "sample_id": "L1_short_dipole_z_1p2G",
      "frequency_hz": 1200000000.0,
      "variant": "eh_love_equivalence_plus_j256",
      "variant_family": "eh_love_equivalence_plus",
      "impedance_ohm": 376.730313668,
      "impedance_factor_to_eta0": 1.0,
      "calibration_mode": "real_eh_j_scale_scan",
      "hfield_j_scale": 256.0,
      "uses_real_hfield": true,
      "model_note": "J=256*(n_cross_H_t) from real CST H-field, M=-n_cross_E_t from real CST E-field",
      "sensor_count": 96,
      "farfield_points": 2664,
      "farfield_shape": "37x72",
      "electric_current_l2": 0.007296075653022339,
      "magnetic_current_l2": 0.012122800266550991,
      "predicted_peak_power": 6.344904171054406e-08,
      "reference_peak_power": 3.914311124569356e-08,
      "best_power_scale": 0.6561620737284933,
      "scaled_power_nmse": 0.0009953151929470087,
      "nmse": 0.004568079521119693,
      "correlation": 0.9984897991651249,
      "main_lobe_error_deg": 0.0,
      "peak_error_db": 2.0976972510648193,
      "main_lobe_region_threshold": 0.75,
      "reference_lobe_region_points": 864,
      "predicted_lobe_region_points": 779,
      "main_lobe_region_jaccard": 0.9016203703703703,
      "reference_lobe_region_capture": 0.914977811530881,
      "predicted_lobe_region_precision": 1.0,
      "main_lobe_region_min_capture": 0.914977811530881,
      "true_peak_to_pred_region_error_deg": 0.0,
      "pred_peak_to_true_region_error_deg": 0.0,
      "main_lobe_region_error_deg": 0.0,
      "status": "strict_pass"
    },
    "best_real_eh": {
      "sample_id": "L1_short_dipole_z_1p2G",
      "frequency_hz": 1200000000.0,
      "variant": "eh_love_equivalence_plus_j256",
      "variant_family": "eh_love_equivalence_plus",
      "impedance_ohm": 376.730313668,
      "impedance_factor_to_eta0": 1.0,
      "calibration_mode": "real_eh_j_scale_scan",
      "hfield_j_scale": 256.0,
      "uses_real_hfield": true,
      "model_note": "J=256*(n_cross_H_t) from real CST H-field, M=-n_cross_E_t from real CST E-field",
      "sensor_count": 96,
      "farfield_points": 2664,
      "farfield_shape": "37x72",
      "electric_current_l2": 0.007296075653022339,
      "magnetic_current_l2": 0.012122800266550991,
      "predicted_peak_power": 6.344904171054406e-08,
      "reference_peak_power": 3.914311124569356e-08,
      "best_power_scale": 0.6561620737284933,
      "scaled_power_nmse": 0.0009953151929470087,
      "nmse": 0.004568079521119693,
      "correlation": 0.9984897991651249,
      "main_lobe_error_deg": 0.0,
      "peak_error_db": 2.0976972510648193,
      "main_lobe_region_threshold": 0.75,
      "reference_lobe_region_points": 864,
      "predicted_lobe_region_points": 779,
      "main_lobe_region_jaccard": 0.9016203703703703,
      "reference_lobe_region_capture": 0.914977811530881,
      "predicted_lobe_region_precision": 1.0,
      "main_lobe_region_min_capture": 0.914977811530881,
      "true_peak_to_pred_region_error_deg": 0.0,
      "pred_peak_to_true_region_error_deg": 0.0,
      "main_lobe_region_error_deg": 0.0,
      "status": "strict_pass"
    }
  },
  "variant_count": 56,
  "impedance_scan": {
    "enabled": true,
    "eta0_ohm": 376.730313668,
    "factors": [
      0.25,
      0.5,
      0.75,
      1.0,
      1.5,
      2.0,
      3.0,
      4.0
    ],
    "ohms": [
      94.182578417,
      188.365156834,
      282.547735251,
      376.730313668,
      565.095470502,
      753.460627336,
      1130.190941004,
      1506.921254672
    ],
    "candidate_count": 56
  },
  "eh_j_scale_scan": {
    "enabled": true,
    "factors": [
      0.25,
      0.5,
      1.0,
      2.0,
      4.0,
      8.0,
      12.0,
      16.0,
      24.0,
      32.0,
      48.0,
      64.0,
      96.0,
      128.0,
      192.0,
      256.0,
      384.0,
      512.0
    ]
  },