strategy,seed_count,row_count,mean_accuracy,std_accuracy,ci95_low_accuracy,ci95_high_accuracy,min_accuracy,max_accuracy,worst_seed,worst_case,all_rows_pass_085,mean_delta_vs_zero_fill,min_delta_vs_zero_fill,max_delta_vs_zero_fill
zero_fill,3,60,0.9388888888888888,0.07082156211042973,0.9209685611559577,0.9568092166218198,0.7333333333333333,1.0,202616,sensor_gain3db_sensor_node_dropout25pct,False,0.0,0.0,0.0
mask_features,3,60,0.94,0.06575649882313123,0.9233613101100028,0.9566386898899971,0.7333333333333333,1.0,202616,mixed_amp_phase_azimuth_sector60deg,False,0.0011111111111111126,-0.06666666666666676,0.06666666666666676
freq_sensor_median_impute,3,60,0.9933333333333334,0.023610141776934126,0.9873591431876275,0.9993075234790393,0.8666666666666667,1.0,202615,sensor_gain3db_sensor_node_dropout25pct,True,0.05444444444444443,0.0,0.2666666666666667
freq_sensor_median_impute_mask,3,60,0.9900000000000001,0.02962413633948912,0.982504059269677,0.9974959407303232,0.8666666666666667,1.0,202616,mixed_amp_phase_sensor_node_dropout25pct,True,0.05111111111111111,-0.06666666666666665,0.2666666666666667
