{
  "generated_at": "2026-06-05T03:40:55+00:00",
  "generated_by": "code/run_cst_meshsafe_huygens_extrapolation.py",
  "local_nearfield": "data\\sampling_layouts\\cst_meshsafe_huygens_source_family_reduced_layout_x\\layouts\\field_weighted_72_local_efield.csv",
  "local_hfield": "data\\sampling_layouts\\cst_meshsafe_huygens_source_family_reduced_layout_x\\layouts\\field_weighted_72_local_hfield.csv",
  "hfield_load_status": "loaded",
  "hfield_load_error": "",
  "hfield_available": true,
  "farfield": "data\\cst_exports\\level1_meshsafe_huygens_source_family\\L1_short_dipole_x_1p2G_farfield.csv",
  "out_dir": "data\\sampling_layouts\\cst_meshsafe_huygens_source_family_reduced_layout_x\\layouts\\field_weighted_72",
  "sample_id": "L1_short_dipole_x_1p2G",
  "frequency_hz": 1200000000.0,
  "quality": {
    "sensor_count": 72,
    "component_rows_expected": 216,
    "prior_id": "level1_local_sphere_r0p35",
    "center_x_m": 0.0015423787193558358,
    "center_y_m": -0.00582124543420208,
    "center_z_m": 4.009215856481666,
    "mean_local_radius_m": 0.34976024020677343,
    "min_local_radius_m": 0.33910439768204187,
    "max_local_radius_m": 0.36077112750320894,
    "total_field_l2": 0.055107366079542294,
    "tangential_field_l2": 0.054675797437238896,
    "normal_field_l2": 0.0068832383967657815,
    "normal_to_total_l2_ratio": 0.1249059587937931,
    "tangential_to_total_l2_ratio": 0.9921685852000172,
    "min_sensor_field_abs": 0.0027194231771009974,
    "max_sensor_field_abs": 0.007477333030389905,
    "median_sensor_field_abs": 0.006746521298458395,
    "dynamic_range_db": 8.785398586749158,
    "hfield_available": true,
    "h_component_rows_expected": 216,
    "h_total_field_l2": 0.00014787016068867518,
    "h_tangential_field_l2": 0.0001477759408381804,
    "h_normal_field_l2": 5.2778529237958395e-06,
    "h_normal_to_total_l2_ratio": 0.03569248115519259,
    "h_tangential_to_total_l2_ratio": 0.9993628203955688,
    "h_min_sensor_field_abs": 5.9739112353326145e-06,
    "h_max_sensor_field_abs": 2.0595043858037202e-05,
    "h_median_sensor_field_abs": 1.8420904434510632e-05,
    "h_dynamic_range_db": 10.750079117717243,
    "tangential_e_to_h_impedance_ohm": 369.99119834473413,
    "tangential_e_to_h_eta0_ratio": 0.9821115660758725
  },
  "best_setting": {
    "sample_id": "L1_short_dipole_x_1p2G",
    "frequency_hz": 1200000000.0,
    "variant": "eh_love_equivalence_plus_j96",
    "variant_family": "eh_love_equivalence_plus",
    "impedance_ohm": 376.730313668,
    "impedance_factor_to_eta0": 1.0,
    "calibration_mode": "real_eh_j_scale_scan",
    "hfield_j_scale": 96.0,
    "uses_real_hfield": true,
    "model_note": "J=96*(n_cross_H_t) from real CST H-field, M=-n_cross_E_t from real CST E-field",
    "sensor_count": 72,
    "farfield_points": 2664,
    "farfield_shape": "37x72",
    "electric_current_l2": 0.014186490320465865,
    "magnetic_current_l2": 0.054675797437241117,
    "predicted_peak_power": 4.122927995312812e-06,
    "reference_peak_power": 3.9429401543613114e-08,
    "best_power_scale": 0.017686665761346795,
    "scaled_power_nmse": 0.16823637685040174,
    "nmse": 0.3436908039463361,
    "correlation": 0.6433533998310815,
    "main_lobe_error_deg": 108.36901564520647,
    "peak_error_db": 20.193855647160838,
    "main_lobe_region_threshold": 0.75,
    "reference_lobe_region_points": 1678,
    "predicted_lobe_region_points": 95,
    "main_lobe_region_jaccard": 0.056615017878426696,
    "reference_lobe_region_capture": 0.060032048873801674,
    "predicted_lobe_region_precision": 1.0,
    "main_lobe_region_min_capture": 0.060032048873801674,
    "true_peak_to_pred_region_error_deg": 83.22003856206753,
    "pred_peak_to_true_region_error_deg": 0.0,
    "main_lobe_region_error_deg": 83.22003856206753,
    "status": "diagnostic_only"
  },
  "vector_gate": {
    "accepted_statuses": [
      "physics_proxy_pass",
      "region_shape_pass",
      "strict_pass"
    ],
    "real_hfield_candidate_count": 5,
    "real_hfield_accepted_count": 0,
    "real_eh_candidate_count": 4,
    "real_eh_accepted_count": 0,
    "best_real_hfield": {
      "sample_id": "L1_short_dipole_x_1p2G",
      "frequency_hz": 1200000000.0,
      "variant": "eh_love_equivalence_plus_j96",
      "variant_family": "eh_love_equivalence_plus",
      "impedance_ohm": 376.730313668,
      "impedance_factor_to_eta0": 1.0,
      "calibration_mode": "real_eh_j_scale_scan",
      "hfield_j_scale": 96.0,
      "uses_real_hfield": true,
      "model_note": "J=96*(n_cross_H_t) from real CST H-field, M=-n_cross_E_t from real CST E-field",
      "sensor_count": 72,
      "farfield_points": 2664,
      "farfield_shape": "37x72",
      "electric_current_l2": 0.014186490320465865,
      "magnetic_current_l2": 0.054675797437241117,
      "predicted_peak_power": 4.122927995312812e-06,
      "reference_peak_power": 3.9429401543613114e-08,
      "best_power_scale": 0.017686665761346795,
      "scaled_power_nmse": 0.16823637685040174,
      "nmse": 0.3436908039463361,
      "correlation": 0.6433533998310815,
      "main_lobe_error_deg": 108.36901564520647,
      "peak_error_db": 20.193855647160838,
      "main_lobe_region_threshold": 0.75,
      "reference_lobe_region_points": 1678,
      "predicted_lobe_region_points": 95,
      "main_lobe_region_jaccard": 0.056615017878426696,
      "reference_lobe_region_capture": 0.060032048873801674,
      "predicted_lobe_region_precision": 1.0,
      "main_lobe_region_min_capture": 0.060032048873801674,
      "true_peak_to_pred_region_error_deg": 83.22003856206753,
      "pred_peak_to_true_region_error_deg": 0.0,
      "main_lobe_region_error_deg": 83.22003856206753,
      "status": "diagnostic_only"
    },
    "best_real_eh": {
      "sample_id": "L1_short_dipole_x_1p2G",
      "frequency_hz": 1200000000.0,
      "variant": "eh_love_equivalence_plus_j96",
      "variant_family": "eh_love_equivalence_plus",
      "impedance_ohm": 376.730313668,
      "impedance_factor_to_eta0": 1.0,
      "calibration_mode": "real_eh_j_scale_scan",
      "hfield_j_scale": 96.0,
      "uses_real_hfield": true,
      "model_note": "J=96*(n_cross_H_t) from real CST H-field, M=-n_cross_E_t from real CST E-field",
      "sensor_count": 72,
      "farfield_points": 2664,
      "farfield_shape": "37x72",
      "electric_current_l2": 0.014186490320465865,
      "magnetic_current_l2": 0.054675797437241117,
      "predicted_peak_power": 4.122927995312812e-06,
      "reference_peak_power": 3.9429401543613114e-08,
      "best_power_scale": 0.017686665761346795,
      "scaled_power_nmse": 0.16823637685040174,
      "nmse": 0.3436908039463361,
      "correlation": 0.6433533998310815,
      "main_lobe_error_deg": 108.36901564520647,
      "peak_error_db": 20.193855647160838,
      "main_lobe_region_threshold": 0.75,
      "reference_lobe_region_points": 1678,
      "predicted_lobe_region_points": 95,
      "main_lobe_region_jaccard": 0.056615017878426696,
      "reference_lobe_region_capture": 0.060032048873801674,
      "predicted_lobe_region_precision": 1.0,
      "main_lobe_region_min_capture": 0.060032048873801674,
      "true_peak_to_pred_region_error_deg": 83.22003856206753,
      "pred_peak_to_true_region_error_deg": 0.0,
      "main_lobe_region_error_deg": 83.22003856206753,
      "status": "diagnostic_only"
    }
  },
  "variant_count": 10,
  "impedance_scan": {
    "enabled": false,
    "eta0_ohm": 376.730313668,
    "factors": [
      1.0
    ],
    "ohms": [
      376.730313668
    ],
    "candidate_count": 10
  },
  "eh_j_scale_scan": {
    "enabled": true,
    "factors": [
      1.0,
      96.0
    ]
  },
  "interpretation": "real E/H CST local probe export is used for Love-equivalence current diagnostics when H-field rows are available; E-only impedance proxy variants are retained as calibration baselines until a stricter vector surface-integral operator is implemented"
}