held_out_family,seed_count,row_count,mean_accuracy,std_accuracy,ci95_low_accuracy,ci95_high_accuracy,min_accuracy,max_accuracy,worst_seed,worst_case,all_rows_pass_085
noise,3,30,0.9977777777777778,0.012171612389003689,0.9934222222222222,1.0,0.9333333333333333,1.0,202616,noise_10db,True
dropout,3,30,0.9911111111111112,0.02894483236368698,0.9807533358733639,1.0,0.8666666666666667,1.0,202616,dropout_25pct,True
