{
  "generated_at": "2026-06-05T03:40:55+00:00",
  "generated_by": "code/run_cst_meshsafe_huygens_extrapolation.py",
  "local_nearfield": "data\\sampling_layouts\\cst_meshsafe_huygens_source_family_reduced_layout_x\\layouts\\fibonacci_snap_48_local_efield.csv",
  "local_hfield": "data\\sampling_layouts\\cst_meshsafe_huygens_source_family_reduced_layout_x\\layouts\\fibonacci_snap_48_local_hfield.csv",
  "hfield_load_status": "loaded",
  "hfield_load_error": "",
  "hfield_available": true,
  "farfield": "data\\cst_exports\\level1_meshsafe_huygens_source_family\\L1_short_dipole_x_1p2G_farfield.csv",
  "out_dir": "data\\sampling_layouts\\cst_meshsafe_huygens_source_family_reduced_layout_x\\layouts\\fibonacci_snap_48",
  "sample_id": "L1_short_dipole_x_1p2G",
  "frequency_hz": 1200000000.0,
  "quality": {
    "sensor_count": 48,
    "component_rows_expected": 144,
    "prior_id": "level1_local_sphere_r0p35",
    "center_x_m": 0.0017475598137166755,
    "center_y_m": -0.0021557149360108365,
    "center_z_m": 4.000455729166458,
    "mean_local_radius_m": 0.3499849094715202,
    "min_local_radius_m": 0.3472672296252694,
    "max_local_radius_m": 0.35268587841017757,
    "total_field_l2": 0.04171825288939308,
    "tangential_field_l2": 0.041178148347172455,
    "normal_field_l2": 0.006691242249509141,
    "normal_to_total_l2_ratio": 0.16039123851254083,
    "tangential_to_total_l2_ratio": 0.9870535196271859,
    "min_sensor_field_abs": 0.002372773764815493,
    "max_sensor_field_abs": 0.007445850536430953,
    "median_sensor_field_abs": 0.006415782663897295,
    "dynamic_range_db": 9.933159647581723,
    "hfield_available": true,
    "h_component_rows_expected": 144,
    "h_total_field_l2": 0.0001114251356527589,
    "h_tangential_field_l2": 0.00011140454979216921,
    "h_normal_field_l2": 2.1417611537741915e-06,
    "h_normal_to_total_l2_ratio": 0.019221526105641866,
    "h_tangential_to_total_l2_ratio": 0.9998152494006932,
    "h_min_sensor_field_abs": 4.585529044795967e-06,
    "h_max_sensor_field_abs": 1.9795477107798676e-05,
    "h_median_sensor_field_abs": 1.730972769366394e-05,
    "h_dynamic_range_db": 12.703530498036145,
    "tangential_e_to_h_impedance_ohm": 369.6271689441083,
    "tangential_e_to_h_eta0_ratio": 0.981145279617314
  },
  "best_setting": {
    "sample_id": "L1_short_dipole_x_1p2G",
    "frequency_hz": 1200000000.0,
    "variant": "electric_only_outgoing",
    "variant_family": "electric_only_outgoing",
    "impedance_ohm": 376.730313668,
    "impedance_factor_to_eta0": 1.0,
    "calibration_mode": "fixed_eta0",
    "hfield_j_scale": "",
    "uses_real_hfield": false,
    "model_note": "J=-E_t/eta_eff, eta_eff=376.73 ohm, M=0",
    "sensor_count": 48,
    "farfield_points": 2664,
    "farfield_shape": "37x72",
    "electric_current_l2": 0.00010930404815647884,
    "magnetic_current_l2": 0.0,
    "predicted_peak_power": 3.095093111695091e-11,
    "reference_peak_power": 3.9429401543613114e-08,
    "best_power_scale": 2892.8100078797065,
    "scaled_power_nmse": 0.2720178122835465,
    "nmse": 0.5000041546255005,
    "correlation": 0.47740801449393694,
    "main_lobe_error_deg": 154.56263272219812,
    "peak_error_db": -31.051464667199497,
    "main_lobe_region_threshold": 0.75,
    "reference_lobe_region_points": 1678,
    "predicted_lobe_region_points": 18,
    "main_lobe_region_jaccard": 0.010727056019070322,
    "reference_lobe_region_capture": 0.010625465351197901,
    "predicted_lobe_region_precision": 1.0,
    "main_lobe_region_min_capture": 0.010625465351197901,
    "true_peak_to_pred_region_error_deg": 29.653833062156547,
    "pred_peak_to_true_region_error_deg": 0.0,
    "main_lobe_region_error_deg": 29.653833062156547,
    "status": "diagnostic_only"
  },
  "vector_gate": {
    "accepted_statuses": [
      "physics_proxy_pass",
      "region_shape_pass",
      "strict_pass"
    ],
    "real_hfield_candidate_count": 5,
    "real_hfield_accepted_count": 0,
    "real_eh_candidate_count": 4,
    "real_eh_accepted_count": 0,
    "best_real_hfield": {
      "sample_id": "L1_short_dipole_x_1p2G",
      "frequency_hz": 1200000000.0,
      "variant": "hfield_electric_only",
      "variant_family": "hfield_electric_only",
      "impedance_ohm": 376.730313668,
      "impedance_factor_to_eta0": 1.0,
      "calibration_mode": "real_hfield_only",
      "hfield_j_scale": 1.0,
      "uses_real_hfield": true,
      "model_note": "J=n_cross_H_t from real CST H-field, M=0",
      "sensor_count": 48,
      "farfield_points": 2664,
      "farfield_shape": "37x72",
      "electric_current_l2": 0.00011140454979216869,
      "magnetic_current_l2": 0.0,
      "predicted_peak_power": 3.2947215569799566e-11,
      "reference_peak_power": 3.9429401543613114e-08,
      "best_power_scale": 2871.9085028920495,
      "scaled_power_nmse": 0.2715767634532511,
      "nmse": 0.5194086693212449,
      "correlation": 0.47294665376779277,
      "main_lobe_error_deg": 154.56263272219812,
      "peak_error_db": -30.780014679854553,
      "main_lobe_region_threshold": 0.75,
      "reference_lobe_region_points": 1678,
      "predicted_lobe_region_points": 18,
      "main_lobe_region_jaccard": 0.010727056019070322,
      "reference_lobe_region_capture": 0.010768134028971043,
      "predicted_lobe_region_precision": 1.0,
      "main_lobe_region_min_capture": 0.010768134028971043,
      "true_peak_to_pred_region_error_deg": 29.653833062156547,
      "pred_peak_to_true_region_error_deg": 0.0,
      "main_lobe_region_error_deg": 29.653833062156547,
      "status": "diagnostic_only"
    },
    "best_real_eh": {
      "sample_id": "L1_short_dipole_x_1p2G",
      "frequency_hz": 1200000000.0,
      "variant": "eh_love_equivalence_minus_j96",
      "variant_family": "eh_love_equivalence_minus",
      "impedance_ohm": 376.730313668,
      "impedance_factor_to_eta0": 1.0,
      "calibration_mode": "real_eh_j_scale_scan",
      "hfield_j_scale": 96.0,
      "uses_real_hfield": true,
      "model_note": "J=96*(n_cross_H_t) from real CST H-field, M contribution sign flipped for convention check",
      "sensor_count": 48,
      "farfield_points": 2664,
      "farfield_shape": "37x72",
      "electric_current_l2": 0.010694836780048192,
      "magnetic_current_l2": 0.0411781483471723,
      "predicted_peak_power": 5.754013386756323e-06,
      "reference_peak_power": 3.9429401543613114e-08,
      "best_power_scale": 0.01059688090533167,
      "scaled_power_nmse": 0.32739999046520585,
      "nmse": 0.4113768840879211,
      "correlation": 0.3492602627534638,
      "main_lobe_error_deg": 95.98486726431047,
      "peak_error_db": 21.64150682509517,
      "main_lobe_region_threshold": 0.75,
      "reference_lobe_region_points": 1678,
      "predicted_lobe_region_points": 308,
      "main_lobe_region_jaccard": 0.17793594306049823,
      "reference_lobe_region_capture": 0.18766951259393722,
      "predicted_lobe_region_precision": 0.9755242340918319,
      "main_lobe_region_min_capture": 0.18766951259393722,
      "true_peak_to_pred_region_error_deg": 14.990809903517066,
      "pred_peak_to_true_region_error_deg": 8.537736462515939e-07,
      "main_lobe_region_error_deg": 14.990809903517066,
      "status": "diagnostic_only"
    }
  },
  "variant_count": 10,
  "impedance_scan": {
    "enabled": false,
    "eta0_ohm": 376.730313668,
    "factors": [
      1.0
    ],
    "ohms": [
      376.730313668
    ],
    "candidate_count": 10
  },
  "eh_j_scale_scan": {
    "enabled": true,
    "factors": [
      1.0,
      96.0
    ]
  },
  "interpretation": "real E/H CST local probe export is used for Love-equivalence current diagnostics when H-field rows are available; E-only impedance proxy variants are retained as calibration baselines until a stricter vector surface-integral operator is implemented"
}