strategy,seed_count,row_count,mean_accuracy,std_accuracy,ci95_low_accuracy,ci95_high_accuracy,min_accuracy,max_accuracy,worst_seed,worst_case,all_rows_pass_085,mean_delta_vs_zero_fill,min_delta_vs_zero_fill,max_delta_vs_zero_fill
zero_fill,3,12,0.9888888888888889,0.03849001794597505,0.9644333333333334,1.0,0.8666666666666667,1.0,202614,dropout_25pct,True,0.0,0.0,0.0
mask_features,3,12,0.9888888888888889,0.03849001794597505,0.9644333333333334,1.0,0.8666666666666667,1.0,202614,dropout_25pct,True,0.0,0.0,0.0
freq_sensor_median_impute,3,12,1.0,0.0,1.0,1.0,1.0,1.0,202614,dropout_10pct,True,0.011111111111111108,0.0,0.1333333333333333
freq_sensor_median_impute_mask,3,12,1.0,0.0,1.0,1.0,1.0,1.0,202614,dropout_10pct,True,0.011111111111111108,0.0,0.1333333333333333
