{
  "generated_at": "2026-06-04T04:34:15+00:00",
  "generated_by": "code/run_cst_meshsafe_huygens_extrapolation.py",
  "local_nearfield": "data\\cst_exports\\level1_meshsafe_huygens\\L1_halfwave_dipole_z_1p2G_level1_local_sphere_r0p35_local_efield.csv",
  "farfield": "data\\cst_exports\\level1\\all_farfield.csv",
  "out_dir": "data\\sampling_layouts\\cst_meshsafe_huygens_extrapolation_batch\\L1_halfwave_dipole_z_1p2G",
  "sample_id": "L1_halfwave_dipole_z_1p2G",
  "frequency_hz": 1200000000.0,
  "quality": {
    "sensor_count": 96,
    "component_rows_expected": 288,
    "prior_id": "level1_local_sphere_r0p35",
    "center_x_m": 0.0002139373624773002,
    "center_y_m": 0.00027010371789093257,
    "center_z_m": 4.0,
    "mean_local_radius_m": 0.34999977386881903,
    "min_local_radius_m": 0.34966454014096365,
    "max_local_radius_m": 0.35033939990871715,
    "total_field_l2": 13.817069418269929,
    "tangential_field_l2": 13.631546766019378,
    "normal_field_l2": 2.2566213849728523,
    "normal_to_total_l2_ratio": 0.1633212743354234,
    "tangential_to_total_l2_ratio": 0.9865729376733651,
    "min_sensor_field_abs": 0.42311875945179084,
    "max_sensor_field_abs": 1.8080042496249928,
    "median_sensor_field_abs": 1.477994176320158,
    "dynamic_range_db": 12.614743324600571
  },
  "best_setting": {
    "sample_id": "L1_halfwave_dipole_z_1p2G",
    "frequency_hz": 1200000000.0,
    "variant": "outgoing_equivalence_minus_eta0p25",
    "variant_family": "outgoing_equivalence_minus",
    "impedance_ohm": 94.182578417,
    "impedance_factor_to_eta0": 0.25,
    "calibration_mode": "scalar_impedance_scan",
    "model_note": "J=-E_t/eta_eff, eta_eff=94.1826 ohm, M sign flipped",
    "sensor_count": 96,
    "farfield_points": 2664,
    "farfield_shape": "37x72",
    "electric_current_l2": 0.14473533210850045,
    "magnetic_current_l2": 13.631546766020165,
    "predicted_peak_power": 0.07937644226171776,
    "reference_peak_power": 0.0021655445958506294,
    "best_power_scale": 0.028531023634915238,
    "scaled_power_nmse": 0.0008482723709459454,
    "nmse": 0.0027632721549543243,
    "correlation": 0.9989625054107432,
    "main_lobe_error_deg": 19.987691420933665,
    "peak_error_db": 15.641244977145819,
    "main_lobe_region_threshold": 0.75,
    "reference_lobe_region_points": 720,
    "predicted_lobe_region_points": 655,
    "main_lobe_region_jaccard": 0.9097222222222222,
    "reference_lobe_region_capture": 0.9230311128925981,
    "predicted_lobe_region_precision": 1.0,
    "main_lobe_region_min_capture": 0.9230311128925981,
    "true_peak_to_pred_region_error_deg": 0.0,
    "pred_peak_to_true_region_error_deg": 0.0,
    "main_lobe_region_error_deg": 0.0,
    "status": "region_shape_pass"
  },
  "variant_count": 19,
  "impedance_scan": {
    "enabled": true,
    "eta0_ohm": 376.730313668,
    "factors": [
      0.25,
      0.5,
      0.75,
      1.0,
      1.5,
      2.0,
      3.0,
      4.0
    ],
    "ohms": [
      94.182578417,
      188.365156834,
      282.547735251,
      376.730313668,
      565.095470502,
      753.460627336,
      1130.190941004,
      1506.921254672
    ],
    "candidate_count": 19
  },
  "interpretation": "diagnostic Huygens/Kirchhoff proxy; use to verify the real CST local probe export and directionality, then replace with a stricter vector surface-integral operator and independent H-field support before final report claims"
}