{
  "generated_at": "2026-06-04T10:50:47+00:00",
  "generated_by": "code/run_cst_meshsafe_huygens_extrapolation.py",
  "local_nearfield": "data\\cst_exports\\level1_meshsafe_huygens\\L1_halfwave_dipole_z_1p2G_level1_local_sphere_r0p35_local_efield.csv",
  "local_hfield": "data\\cst_exports\\level1_meshsafe_huygens\\L1_halfwave_dipole_z_1p2G_level1_local_sphere_r0p35_local_hfield.csv",
  "hfield_load_status": "loaded",
  "hfield_load_error": "",
  "hfield_available": true,
  "farfield": "data\\cst_exports\\level1\\all_farfield.csv",
  "out_dir": "data\\sampling_layouts\\cst_meshsafe_huygens_extrapolation_batch\\L1_halfwave_dipole_z_1p2G",
  "sample_id": "L1_halfwave_dipole_z_1p2G",
  "frequency_hz": 1200000000.0,
  "quality": {
    "sensor_count": 96,
    "component_rows_expected": 288,
    "prior_id": "level1_local_sphere_r0p35",
    "center_x_m": 0.0002139373624773002,
    "center_y_m": 0.00027010371789093257,
    "center_z_m": 4.0,
    "mean_local_radius_m": 0.34999977386881903,
    "min_local_radius_m": 0.34966454014096365,
    "max_local_radius_m": 0.35033939990871715,
    "total_field_l2": 13.817069418269929,
    "tangential_field_l2": 13.631546766019378,
    "normal_field_l2": 2.2566213849728523,
    "normal_to_total_l2_ratio": 0.1633212743354234,
    "tangential_to_total_l2_ratio": 0.9865729376733651,
    "min_sensor_field_abs": 0.42311875945179084,
    "max_sensor_field_abs": 1.8080042496249928,
    "median_sensor_field_abs": 1.477994176320158,
    "dynamic_range_db": 12.614743324600571,
    "hfield_available": true,
    "h_component_rows_expected": 288,
    "h_total_field_l2": 0.036840125781583716,
    "h_tangential_field_l2": 0.03680407349065828,
    "h_normal_field_l2": 0.0016294299914804832,
    "h_normal_to_total_l2_ratio": 0.044229761894434984,
    "h_tangential_to_total_l2_ratio": 0.9990213852379554,
    "h_min_sensor_field_abs": 0.0006051911182917717,
    "h_max_sensor_field_abs": 0.005141002939013224,
    "h_median_sensor_field_abs": 0.003944083234105656,
    "h_dynamic_range_db": 18.583106127957606,
    "tangential_e_to_h_impedance_ohm": 370.38146795026313,
    "tangential_e_to_h_eta0_ratio": 0.9831475050257519
  },
  "best_setting": {
    "sample_id": "L1_halfwave_dipole_z_1p2G",
    "frequency_hz": 1200000000.0,
    "variant": "eh_love_equivalence_minus_j96",
    "variant_family": "eh_love_equivalence_minus",
    "impedance_ohm": 376.730313668,
    "impedance_factor_to_eta0": 1.0,
    "calibration_mode": "real_eh_j_scale_scan",
    "hfield_j_scale": 96.0,
    "uses_real_hfield": true,
    "model_note": "J=96*(n_cross_H_t) from real CST H-field, M contribution sign flipped for convention check",
    "sensor_count": 96,
    "farfield_points": 2664,
    "farfield_shape": "37x72",
    "electric_current_l2": 3.533191055103399,
    "magnetic_current_l2": 13.631546766020165,
    "predicted_peak_power": 0.08074319933202277,
    "reference_peak_power": 0.0021655445958506294,
    "best_power_scale": 0.02787765049542008,
    "scaled_power_nmse": 0.0007131984075472481,
    "nmse": 0.0021511365719848277,
    "correlation": 0.9990868549511764,
    "main_lobe_error_deg": 0.0,
    "peak_error_db": 15.715388219606147,
    "main_lobe_region_threshold": 0.75,
    "reference_lobe_region_points": 720,
    "predicted_lobe_region_points": 665,
    "main_lobe_region_jaccard": 0.9236111111111112,
    "reference_lobe_region_capture": 0.9348678053290925,
    "predicted_lobe_region_precision": 1.0,
    "main_lobe_region_min_capture": 0.9348678053290925,
    "true_peak_to_pred_region_error_deg": 0.0,
    "pred_peak_to_true_region_error_deg": 0.0,
    "main_lobe_region_error_deg": 0.0,
    "status": "strict_pass"
  },
  "vector_gate": {
    "accepted_statuses": [
      "physics_proxy_pass",
      "region_shape_pass",
      "strict_pass"
    ],
    "real_hfield_candidate_count": 37,
    "real_hfield_accepted_count": 37,
    "real_eh_candidate_count": 36,
    "real_eh_accepted_count": 36,
    "best_real_hfield": {
      "sample_id": "L1_halfwave_dipole_z_1p2G",
      "frequency_hz": 1200000000.0,
      "variant": "eh_love_equivalence_minus_j96",
      "variant_family": "eh_love_equivalence_minus",
      "impedance_ohm": 376.730313668,
      "impedance_factor_to_eta0": 1.0,
      "calibration_mode": "real_eh_j_scale_scan",
      "hfield_j_scale": 96.0,
      "uses_real_hfield": true,
      "model_note": "J=96*(n_cross_H_t) from real CST H-field, M contribution sign flipped for convention check",
      "sensor_count": 96,
      "farfield_points": 2664,
      "farfield_shape": "37x72",
      "electric_current_l2": 3.533191055103399,
      "magnetic_current_l2": 13.631546766020165,
      "predicted_peak_power": 0.08074319933202277,
      "reference_peak_power": 0.0021655445958506294,
      "best_power_scale": 0.02787765049542008,
      "scaled_power_nmse": 0.0007131984075472481,
      "nmse": 0.0021511365719848277,
      "correlation": 0.9990868549511764,
      "main_lobe_error_deg": 0.0,
      "peak_error_db": 15.715388219606147,
      "main_lobe_region_threshold": 0.75,
      "reference_lobe_region_points": 720,
      "predicted_lobe_region_points": 665,
      "main_lobe_region_jaccard": 0.9236111111111112,
      "reference_lobe_region_capture": 0.9348678053290925,
      "predicted_lobe_region_precision": 1.0,
      "main_lobe_region_min_capture": 0.9348678053290925,
      "true_peak_to_pred_region_error_deg": 0.0,
      "pred_peak_to_true_region_error_deg": 0.0,
      "main_lobe_region_error_deg": 0.0,
      "status": "strict_pass"
    },
    "best_real_eh": {
      "sample_id": "L1_halfwave_dipole_z_1p2G",
      "frequency_hz": 1200000000.0,
      "variant": "eh_love_equivalence_minus_j96",
      "variant_family": "eh_love_equivalence_minus",
      "impedance_ohm": 376.730313668,
      "impedance_factor_to_eta0": 1.0,
      "calibration_mode": "real_eh_j_scale_scan",
      "hfield_j_scale": 96.0,
      "uses_real_hfield": true,
      "model_note": "J=96*(n_cross_H_t) from real CST H-field, M contribution sign flipped for convention check",
      "sensor_count": 96,
      "farfield_points": 2664,
      "farfield_shape": "37x72",
      "electric_current_l2": 3.533191055103399,
      "magnetic_current_l2": 13.631546766020165,
      "predicted_peak_power": 0.08074319933202277,
      "reference_peak_power": 0.0021655445958506294,
      "best_power_scale": 0.02787765049542008,
      "scaled_power_nmse": 0.0007131984075472481,
      "nmse": 0.0021511365719848277,
      "correlation": 0.9990868549511764,
      "main_lobe_error_deg": 0.0,
      "peak_error_db": 15.715388219606147,
      "main_lobe_region_threshold": 0.75,
      "reference_lobe_region_points": 720,
      "predicted_lobe_region_points": 665,
      "main_lobe_region_jaccard": 0.9236111111111112,
      "reference_lobe_region_capture": 0.9348678053290925,
      "predicted_lobe_region_precision": 1.0,
      "main_lobe_region_min_capture": 0.9348678053290925,
      "true_peak_to_pred_region_error_deg": 0.0,
      "pred_peak_to_true_region_error_deg": 0.0,
      "main_lobe_region_error_deg": 0.0,
      "status": "strict_pass"
    }
  },
  "variant_count": 56,
  "impedance_scan": {
    "enabled": true,
    "eta0_ohm": 376.730313668,
    "factors": [
      0.25,
      0.5,
      0.75,
      1.0,
      1.5,
      2.0,
      3.0,
      4.0
    ],
    "ohms": [
      94.182578417,
      188.365156834,
      282.547735251,
      376.730313668,
      565.095470502,
      753.460627336,
      1130.190941004,
      1506.921254672
    ],
    "candidate_count": 56
  },
  "eh_j_scale_scan": {
    "enabled": true,
    "factors": [
      0.25,
      0.5,
      1.0,
      2.0,
      4.0,
      8.0,
      12.0,
      16.0,
      24.0,
      32.0,
      48.0,
      64.0,
      96.0,
      128.0,
      192.0,
      256.0,
      384.0,
      512.0
    ]
  },