{
  "generated_at": "2026-06-05T03:40:56+00:00",
  "generated_by": "code/run_cst_meshsafe_huygens_extrapolation.py",
  "local_nearfield": "data\\sampling_layouts\\cst_meshsafe_huygens_source_family_reduced_layout_x\\layouts\\field_weighted_32_local_efield.csv",
  "local_hfield": "data\\sampling_layouts\\cst_meshsafe_huygens_source_family_reduced_layout_x\\layouts\\field_weighted_32_local_hfield.csv",
  "hfield_load_status": "loaded",
  "hfield_load_error": "",
  "hfield_available": true,
  "farfield": "data\\cst_exports\\level1_meshsafe_huygens_source_family\\L1_short_dipole_x_1p2G_farfield.csv",
  "out_dir": "data\\sampling_layouts\\cst_meshsafe_huygens_source_family_reduced_layout_x\\layouts\\field_weighted_32",
  "sample_id": "L1_short_dipole_x_1p2G",
  "frequency_hz": 1200000000.0,
  "quality": {
    "sensor_count": 32,
    "component_rows_expected": 96,
    "prior_id": "level1_local_sphere_r0p35",
    "center_x_m": -0.004488536379387504,
    "center_y_m": 0.0022861933767437496,
    "center_z_m": 3.9988606770831248,
    "mean_local_radius_m": 0.34994989058793313,
    "min_local_radius_m": 0.3449196703120712,
    "max_local_radius_m": 0.3547994188573818,
    "total_field_l2": 0.035510349700571764,
    "tangential_field_l2": 0.035143136907184555,
    "normal_field_l2": 0.00509361013229167,
    "normal_to_total_l2_ratio": 0.14344015689064465,
    "tangential_to_total_l2_ratio": 0.9896589924773032,
    "min_sensor_field_abs": 0.0027194231771009974,
    "max_sensor_field_abs": 0.007477333030389905,
    "median_sensor_field_abs": 0.006587884068869717,
    "dynamic_range_db": 8.785398586749158,
    "hfield_available": true,
    "h_component_rows_expected": 96,
    "h_total_field_l2": 9.438764620963396e-05,
    "h_tangential_field_l2": 9.430849443224526e-05,
    "h_normal_field_l2": 3.8646649166762125e-06,
    "h_normal_to_total_l2_ratio": 0.040944605272736995,
    "h_tangential_to_total_l2_ratio": 0.9991614180396775,
    "h_min_sensor_field_abs": 5.9739112353326145e-06,
    "h_max_sensor_field_abs": 2.0595043858037202e-05,
    "h_median_sensor_field_abs": 1.7827911246834694e-05,
    "h_dynamic_range_db": 10.750079117717243,
    "tangential_e_to_h_impedance_ohm": 372.64020721307025,
    "tangential_e_to_h_eta0_ratio": 0.9891431448265822
  },
  "best_setting": {
    "sample_id": "L1_short_dipole_x_1p2G",
    "frequency_hz": 1200000000.0,
    "variant": "hfield_electric_only",
    "variant_family": "hfield_electric_only",
    "impedance_ohm": 376.730313668,
    "impedance_factor_to_eta0": 1.0,
    "calibration_mode": "real_hfield_only",
    "hfield_j_scale": 1.0,
    "uses_real_hfield": true,
    "model_note": "J=n_cross_H_t from real CST H-field, M=0",
    "sensor_count": 32,
    "farfield_points": 2664,
    "farfield_shape": "37x72",
    "electric_current_l2": 9.430849443224919e-05,
    "magnetic_current_l2": 0.0,
    "predicted_peak_power": 9.831847322812777e-11,
    "reference_peak_power": 3.9429401543613114e-08,
    "best_power_scale": 1311.594524805722,
    "scaled_power_nmse": 0.41720256059184907,
    "nmse": 0.6980902315035902,
    "correlation": 0.4258435568901348,
    "main_lobe_error_deg": 123.93471390828829,
    "peak_error_db": -26.031850595943165,
    "main_lobe_region_threshold": 0.75,
    "reference_lobe_region_points": 1678,
    "predicted_lobe_region_points": 16,
    "main_lobe_region_jaccard": 0.009535160905840286,
    "reference_lobe_region_capture": 0.00940666224242674,
    "predicted_lobe_region_precision": 1.0,
    "main_lobe_region_min_capture": 0.00940666224242674,
    "true_peak_to_pred_region_error_deg": 120.13247456640309,
    "pred_peak_to_true_region_error_deg": 0.0,
    "main_lobe_region_error_deg": 120.13247456640309,
    "status": "diagnostic_only"
  },
  "vector_gate": {
    "accepted_statuses": [
      "physics_proxy_pass",
      "region_shape_pass",
      "strict_pass"
    ],
    "real_hfield_candidate_count": 5,
    "real_hfield_accepted_count": 0,
    "real_eh_candidate_count": 4,
    "real_eh_accepted_count": 0,
    "best_real_hfield": {
      "sample_id": "L1_short_dipole_x_1p2G",
      "frequency_hz": 1200000000.0,
      "variant": "hfield_electric_only",
      "variant_family": "hfield_electric_only",
      "impedance_ohm": 376.730313668,
      "impedance_factor_to_eta0": 1.0,
      "calibration_mode": "real_hfield_only",
      "hfield_j_scale": 1.0,
      "uses_real_hfield": true,
      "model_note": "J=n_cross_H_t from real CST H-field, M=0",
      "sensor_count": 32,
      "farfield_points": 2664,
      "farfield_shape": "37x72",
      "electric_current_l2": 9.430849443224919e-05,
      "magnetic_current_l2": 0.0,
      "predicted_peak_power": 9.831847322812777e-11,
      "reference_peak_power": 3.9429401543613114e-08,
      "best_power_scale": 1311.594524805722,
      "scaled_power_nmse": 0.41720256059184907,
      "nmse": 0.6980902315035902,
      "correlation": 0.4258435568901348,
      "main_lobe_error_deg": 123.93471390828829,
      "peak_error_db": -26.031850595943165,
      "main_lobe_region_threshold": 0.75,
      "reference_lobe_region_points": 1678,
      "predicted_lobe_region_points": 16,
      "main_lobe_region_jaccard": 0.009535160905840286,
      "reference_lobe_region_capture": 0.00940666224242674,
      "predicted_lobe_region_precision": 1.0,
      "main_lobe_region_min_capture": 0.00940666224242674,
      "true_peak_to_pred_region_error_deg": 120.13247456640309,
      "pred_peak_to_true_region_error_deg": 0.0,
      "main_lobe_region_error_deg": 120.13247456640309,
      "status": "diagnostic_only"
    },
    "best_real_eh": {
      "sample_id": "L1_short_dipole_x_1p2G",
      "frequency_hz": 1200000000.0,
      "variant": "eh_love_equivalence_minus_j96",
      "variant_family": "eh_love_equivalence_minus",
      "impedance_ohm": 376.730313668,
      "impedance_factor_to_eta0": 1.0,
      "calibration_mode": "real_eh_j_scale_scan",
      "hfield_j_scale": 96.0,
      "uses_real_hfield": true,
      "model_note": "J=96*(n_cross_H_t) from real CST H-field, M contribution sign flipped for convention check",
      "sensor_count": 32,
      "farfield_points": 2664,
      "farfield_shape": "37x72",
      "electric_current_l2": 0.009053615465495922,
      "magnetic_current_l2": 0.03514313690718612,
      "predicted_peak_power": 5.947632927503329e-06,
      "reference_peak_power": 3.9429401543613114e-08,
      "best_power_scale": 0.01185500124326295,
      "scaled_power_nmse": 0.3211863885524591,
      "nmse": 0.45307742741464846,
      "correlation": 0.20346565378965226,
      "main_lobe_error_deg": 57.85886068037941,
      "peak_error_db": 21.785239717112294,
      "main_lobe_region_threshold": 0.75,
      "reference_lobe_region_points": 1678,
      "predicted_lobe_region_points": 102,
      "main_lobe_region_jaccard": 0.05826397146254459,
      "reference_lobe_region_capture": 0.06007483200687349,
      "predicted_lobe_region_precision": 0.9643863583399542,
      "main_lobe_region_min_capture": 0.06007483200687349,
      "true_peak_to_pred_region_error_deg": 11.944443999999992,
      "pred_peak_to_true_region_error_deg": 0.0,
      "main_lobe_region_error_deg": 11.944443999999992,
      "status": "diagnostic_only"
    }
  },
  "variant_count": 10,
  "impedance_scan": {
    "enabled": false,
    "eta0_ohm": 376.730313668,
    "factors": [
      1.0
    ],
    "ohms": [
      376.730313668
    ],
    "candidate_count": 10
  },
  "eh_j_scale_scan": {
    "enabled": true,
    "factors": [
      1.0,
      96.0
    ]
  },
  "interpretation": "real E/H CST local probe export is used for Love-equivalence current diagnostics when H-field rows are available; E-only impedance proxy variants are retained as calibration baselines until a stricter vector surface-integral operator is implemented"
}