{
  "generated_at": "2026-06-04T06:29:03+00:00",
  "generated_by": "code/run_cst_meshsafe_huygens_extrapolation.py",
  "local_nearfield": "data\\cst_exports\\level1_meshsafe_huygens\\L1_short_dipole_z_1p2G_level1_local_sphere_r0p35_local_efield.csv",
  "local_hfield": "data\\cst_exports\\level1_meshsafe_huygens\\L1_short_dipole_z_1p2G_level1_local_sphere_r0p35_local_hfield.csv",
  "hfield_load_status": "loaded",
  "hfield_load_error": "",
  "hfield_available": true,
  "farfield": "data\\cst_exports\\level1\\all_farfield.csv",
  "out_dir": "data\\sampling_layouts\\cst_meshsafe_huygens_extrapolation",
  "sample_id": "L1_short_dipole_z_1p2G",
  "frequency_hz": 1200000000.0,
  "quality": {
    "sensor_count": 96,
    "component_rows_expected": 288,
    "prior_id": "level1_local_sphere_r0p35",
    "center_x_m": 0.0002139373624773002,
    "center_y_m": 0.00027010371789093257,
    "center_z_m": 4.0,
    "mean_local_radius_m": 0.34999977386881903,
    "min_local_radius_m": 0.34966454014096365,
    "max_local_radius_m": 0.35033939990871715,
    "total_field_l2": 0.012228594048130544,
    "tangential_field_l2": 0.012122800266550332,
    "normal_field_l2": 0.0016050626440425777,
    "normal_to_total_l2_ratio": 0.13125487997436247,
    "tangential_to_total_l2_ratio": 0.9913486553594127,
    "min_sensor_field_abs": 0.0003616862479593714,
    "max_sensor_field_abs": 0.0015318202237077719,
    "median_sensor_field_abs": 0.001318302479505103,
    "dynamic_range_db": 12.537516052661271,
    "hfield_available": true,
    "h_component_rows_expected": 288,
    "h_total_field_l2": 2.8515067481580467e-05,
    "h_tangential_field_l2": 2.8500295519616924e-05,
    "h_normal_field_l2": 9.177302292023481e-07,
    "h_normal_to_total_l2_ratio": 0.032184045497881536,
    "h_tangential_to_total_l2_ratio": 0.9994819594246765,
    "h_min_sensor_field_abs": 5.385597339437537e-07,
    "h_max_sensor_field_abs": 3.794430193653887e-06,
    "h_median_sensor_field_abs": 3.0825264626432345e-06,
    "h_dynamic_range_db": 16.958253754956345,
    "tangential_e_to_h_impedance_ohm": 425.3570022881389,
    "tangential_e_to_h_eta0_ratio": 1.1290755929531915
  },
  "best_setting": {
    "sample_id": "L1_short_dipole_z_1p2G",
    "frequency_hz": 1200000000.0,
    "variant": "outgoing_equivalence_minus_eta0p25",
    "variant_family": "outgoing_equivalence_minus",
    "impedance_ohm": 94.182578417,
    "impedance_factor_to_eta0": 0.25,
    "calibration_mode": "scalar_impedance_scan",
    "uses_real_hfield": false,
    "model_note": "J=-E_t/eta_eff, eta_eff=94.1826 ohm, M sign flipped",
    "sensor_count": 96,
    "farfield_points": 2664,
    "farfield_shape": "37x72",
    "electric_current_l2": 0.00012871595225261062,
    "magnetic_current_l2": 0.012122800266550991,
    "predicted_peak_power": 5.746761192389833e-08,
    "reference_peak_power": 3.914311124569356e-08,
    "best_power_scale": 0.721028591196995,
    "scaled_power_nmse": 0.0006962082909021457,
    "nmse": 0.0037555863959004314,
    "correlation": 0.9989449743744064,
    "main_lobe_error_deg": 139.52260287822136,
    "peak_error_db": 1.667678082327191,
    "main_lobe_region_threshold": 0.75,
    "reference_lobe_region_points": 864,
    "predicted_lobe_region_points": 794,
    "main_lobe_region_jaccard": 0.9189814814814815,
    "reference_lobe_region_capture": 0.9302475179104308,
    "predicted_lobe_region_precision": 1.0,
    "main_lobe_region_min_capture": 0.9302475179104308,
    "true_peak_to_pred_region_error_deg": 0.0,
    "pred_peak_to_true_region_error_deg": 0.0,
    "main_lobe_region_error_deg": 0.0,
    "status": "region_shape_pass"
  },
  "variant_count": 22,
  "impedance_scan": {
    "enabled": true,
    "eta0_ohm": 376.730313668,
    "factors": [
      0.25,
      0.5,
      0.75,
      1.0,
      1.5,
      2.0,
      3.0,
      4.0
    ],
    "ohms": [
      94.182578417,
      188.365156834,
      282.547735251,
      376.730313668,
      565.095470502,
      753.460627336,
      1130.190941004,
      1506.921254672
    ],
    "candidate_count": 22
  },
  "interpretation": "real E/H CST local probe export is used for Love-equivalence current diagnostics when H-field rows are available; E-only impedance proxy variants are retained as calibration baselines until a stricter vector surface-integral operator is implemented"
}