sensor_count,component_rows_expected,prior_id,center_x_m,center_y_m,center_z_m,mean_local_radius_m,min_local_radius_m,max_local_radius_m,total_field_l2,tangential_field_l2,normal_field_l2,normal_to_total_l2_ratio,tangential_to_total_l2_ratio,min_sensor_field_abs,max_sensor_field_abs,median_sensor_field_abs,dynamic_range_db
96,288,level1_local_sphere_r0p35,0.0002139373624773002,0.00027010371789093257,4.0,0.34999977386881903,0.34966454014096365,0.35033939990871715,13.817069418269929,13.631546766019378,2.2566213849728523,0.1633212743354234,0.9865729376733651,0.42311875945179084,1.8080042496249928,1.477994176320158,12.614743324600571
